{
    "rmse": 0.30049261083743845,
    "mae": 0.09852216748768473,
    "r2": 0.9055354775958577,
    "accuracy": 0.958128078817734
}