{
    "rmse": 0.3817733990147783,
    "mae": 0.14532019704433496,
    "r2": 0.8712013295346629,
    "accuracy": 0.9261083743842364
}