{
    "rmse": 0.5199004975124378,
    "mae": 0.17661691542288557,
    "r2": 0.8146803479733903,
    "accuracy": 0.9228855721393034
}